group,intensity,exp_index,exp_id,exp_folder,node,teastore_pods_total,teastore-webui,teastore-image,teastore-db,teastore-registry,teastore-auth,teastore-recommender,teastore-persistence,k8s_pods
with-plugin,low,1,with-plugin_low_1,exp(02:19:47)_fase3_low_iter1,aspire,2,1,1,0,0,0,0,0,4
with-plugin,low,1,with-plugin_low_1,exp(02:19:47)_fase3_low_iter1,leo,1,0,0,0,0,0,1,0,3
with-plugin,low,1,with-plugin_low_1,exp(02:19:47)_fase3_low_iter1,nitro5,0,0,0,0,0,0,0,0,7
with-plugin,low,1,with-plugin_low_1,exp(02:19:47)_fase3_low_iter1,scorpius,4,0,0,1,1,1,0,1,2
with-plugin,low,2,with-plugin_low_2,exp(02:26:20)_fase3_low_iter2,aspire,1,0,1,0,0,0,0,0,3
with-plugin,low,2,with-plugin_low_2,exp(02:26:20)_fase3_low_iter2,leo,1,0,0,0,0,0,1,0,2
with-plugin,low,2,with-plugin_low_2,exp(02:26:20)_fase3_low_iter2,nitro5,0,0,0,0,0,0,0,0,8
with-plugin,low,2,with-plugin_low_2,exp(02:26:20)_fase3_low_iter2,scorpius,5,1,0,1,1,1,0,1,3
with-plugin,low,3,with-plugin_low_3,exp(02:32:56)_fase3_low_iter3,aspire,2,1,0,0,0,1,0,0,4
with-plugin,low,3,with-plugin_low_3,exp(02:32:56)_fase3_low_iter3,leo,1,0,1,0,0,0,0,0,3
with-plugin,low,3,with-plugin_low_3,exp(02:32:56)_fase3_low_iter3,nitro5,0,0,0,0,0,0,0,0,7
with-plugin,low,3,with-plugin_low_3,exp(02:32:56)_fase3_low_iter3,scorpius,4,0,0,1,1,0,1,1,2
with-plugin,low,4,with-plugin_low_4,exp(02:40:08)_fase3_low_iter4,aspire,1,0,1,0,0,0,0,0,3
with-plugin,low,4,with-plugin_low_4,exp(02:40:08)_fase3_low_iter4,leo,1,1,0,0,0,0,0,0,2
with-plugin,low,4,with-plugin_low_4,exp(02:40:08)_fase3_low_iter4,nitro5,0,0,0,0,0,0,0,0,8
with-plugin,low,4,with-plugin_low_4,exp(02:40:08)_fase3_low_iter4,scorpius,5,0,0,1,1,1,1,1,3
with-plugin,low,5,with-plugin_low_5,exp(02:46:49)_fase3_low_iter5,aspire,2,1,0,0,0,1,0,0,4
with-plugin,low,5,with-plugin_low_5,exp(02:46:49)_fase3_low_iter5,leo,1,0,0,0,0,0,1,0,3
with-plugin,low,5,with-plugin_low_5,exp(02:46:49)_fase3_low_iter5,nitro5,0,0,0,0,0,0,0,0,7
with-plugin,low,5,with-plugin_low_5,exp(02:46:49)_fase3_low_iter5,scorpius,4,0,1,1,1,0,0,1,2
with-plugin,low,6,with-plugin_low_6,exp(02:53:36)_fase3_low_iter6,aspire,1,0,1,0,0,0,0,0,3
with-plugin,low,6,with-plugin_low_6,exp(02:53:36)_fase3_low_iter6,leo,1,1,0,0,0,0,0,0,2
with-plugin,low,6,with-plugin_low_6,exp(02:53:36)_fase3_low_iter6,nitro5,0,0,0,0,0,0,0,0,8
with-plugin,low,6,with-plugin_low_6,exp(02:53:36)_fase3_low_iter6,scorpius,5,0,0,1,1,1,1,1,3
with-plugin,low,7,with-plugin_low_7,exp(03:00:08)_fase3_low_iter7,aspire,2,1,0,0,0,1,0,0,4
with-plugin,low,7,with-plugin_low_7,exp(03:00:08)_fase3_low_iter7,leo,1,0,0,0,0,0,1,0,3
with-plugin,low,7,with-plugin_low_7,exp(03:00:08)_fase3_low_iter7,nitro5,0,0,0,0,0,0,0,0,7
with-plugin,low,7,with-plugin_low_7,exp(03:00:08)_fase3_low_iter7,scorpius,4,0,1,1,1,0,0,1,2
with-plugin,low,8,with-plugin_low_8,exp(03:06:30)_fase3_low_iter8,aspire,1,0,1,0,0,0,0,0,3
with-plugin,low,8,with-plugin_low_8,exp(03:06:30)_fase3_low_iter8,leo,1,0,0,0,0,0,1,0,2
with-plugin,low,8,with-plugin_low_8,exp(03:06:30)_fase3_low_iter8,nitro5,0,0,0,0,0,0,0,0,8
with-plugin,low,8,with-plugin_low_8,exp(03:06:30)_fase3_low_iter8,scorpius,5,1,0,1,1,1,0,1,3
with-plugin,low,9,with-plugin_low_9,exp(03:13:02)_fase3_low_iter9,aspire,2,1,0,0,0,1,0,0,4
with-plugin,low,9,with-plugin_low_9,exp(03:13:02)_fase3_low_iter9,leo,1,0,0,0,0,0,1,0,3
with-plugin,low,9,with-plugin_low_9,exp(03:13:02)_fase3_low_iter9,nitro5,0,0,0,0,0,0,0,0,7
with-plugin,low,9,with-plugin_low_9,exp(03:13:02)_fase3_low_iter9,scorpius,4,0,1,1,1,0,0,1,2
with-plugin,low,10,with-plugin_low_10,exp(03:19:30)_fase3_low_iter10,aspire,1,0,1,0,0,0,0,0,3
with-plugin,low,10,with-plugin_low_10,exp(03:19:30)_fase3_low_iter10,leo,1,1,0,0,0,0,0,0,2
with-plugin,low,10,with-plugin_low_10,exp(03:19:30)_fase3_low_iter10,nitro5,0,0,0,0,0,0,0,0,8
with-plugin,low,10,with-plugin_low_10,exp(03:19:30)_fase3_low_iter10,scorpius,5,0,0,1,1,1,1,1,3
with-plugin,low,11,with-plugin_low_11,exp(03:26:26)_fase3_low_iter11,aspire,2,1,0,0,0,1,0,0,4
with-plugin,low,11,with-plugin_low_11,exp(03:26:26)_fase3_low_iter11,leo,1,0,1,0,0,0,0,0,3
with-plugin,low,11,with-plugin_low_11,exp(03:26:26)_fase3_low_iter11,nitro5,0,0,0,0,0,0,0,0,7
with-plugin,low,11,with-plugin_low_11,exp(03:26:26)_fase3_low_iter11,scorpius,4,0,0,1,1,0,1,1,2
with-plugin,low,12,with-plugin_low_12,exp(03:32:37)_fase3_low_iter12,aspire,1,0,1,0,0,0,0,0,3
with-plugin,low,12,with-plugin_low_12,exp(03:32:37)_fase3_low_iter12,leo,1,0,0,0,0,0,1,0,2
with-plugin,low,12,with-plugin_low_12,exp(03:32:37)_fase3_low_iter12,nitro5,0,0,0,0,0,0,0,0,8
with-plugin,low,12,with-plugin_low_12,exp(03:32:37)_fase3_low_iter12,scorpius,5,1,0,1,1,1,0,1,3
with-plugin,low,13,with-plugin_low_13,exp(03:39:11)_fase3_low_iter13,aspire,2,1,0,0,0,1,0,0,4
with-plugin,low,13,with-plugin_low_13,exp(03:39:11)_fase3_low_iter13,leo,1,0,0,0,0,0,1,0,3
with-plugin,low,13,with-plugin_low_13,exp(03:39:11)_fase3_low_iter13,nitro5,0,0,0,0,0,0,0,0,7
with-plugin,low,13,with-plugin_low_13,exp(03:39:11)_fase3_low_iter13,scorpius,4,0,1,1,1,0,0,1,2
with-plugin,low,14,with-plugin_low_14,exp(03:45:34)_fase3_low_iter14,aspire,1,0,1,0,0,0,0,0,3
with-plugin,low,14,with-plugin_low_14,exp(03:45:34)_fase3_low_iter14,leo,1,0,0,0,0,0,1,0,2
with-plugin,low,14,with-plugin_low_14,exp(03:45:34)_fase3_low_iter14,nitro5,0,0,0,0,0,0,0,0,8
with-plugin,low,14,with-plugin_low_14,exp(03:45:34)_fase3_low_iter14,scorpius,5,1,0,1,1,1,0,1,3
with-plugin,low,15,with-plugin_low_15,exp(03:52:20)_fase3_low_iter15,aspire,2,1,0,0,0,1,0,0,4
with-plugin,low,15,with-plugin_low_15,exp(03:52:20)_fase3_low_iter15,leo,1,0,1,0,0,0,0,0,3
with-plugin,low,15,with-plugin_low_15,exp(03:52:20)_fase3_low_iter15,nitro5,0,0,0,0,0,0,0,0,7
with-plugin,low,15,with-plugin_low_15,exp(03:52:20)_fase3_low_iter15,scorpius,4,0,0,1,1,0,1,1,2
with-plugin,low,16,with-plugin_low_16,exp(03:58:57)_fase3_low_iter16,aspire,1,0,1,0,0,0,0,0,3
with-plugin,low,16,with-plugin_low_16,exp(03:58:57)_fase3_low_iter16,leo,1,0,0,0,0,0,1,0,2
with-plugin,low,16,with-plugin_low_16,exp(03:58:57)_fase3_low_iter16,nitro5,0,0,0,0,0,0,0,0,8
with-plugin,low,16,with-plugin_low_16,exp(03:58:57)_fase3_low_iter16,scorpius,5,1,0,1,1,1,0,1,3
with-plugin,low,17,with-plugin_low_17,exp(04:05:37)_fase3_low_iter17,aspire,2,1,0,0,0,1,0,0,4
with-plugin,low,17,with-plugin_low_17,exp(04:05:37)_fase3_low_iter17,leo,1,0,0,0,0,0,1,0,3
with-plugin,low,17,with-plugin_low_17,exp(04:05:37)_fase3_low_iter17,nitro5,0,0,0,0,0,0,0,0,7
with-plugin,low,17,with-plugin_low_17,exp(04:05:37)_fase3_low_iter17,scorpius,4,0,1,1,1,0,0,1,2
with-plugin,low,18,with-plugin_low_18,exp(04:12:57)_fase3_low_iter18,aspire,1,0,1,0,0,0,0,0,3
with-plugin,low,18,with-plugin_low_18,exp(04:12:57)_fase3_low_iter18,leo,1,0,0,0,0,0,1,0,2
with-plugin,low,18,with-plugin_low_18,exp(04:12:57)_fase3_low_iter18,nitro5,0,0,0,0,0,0,0,0,8
with-plugin,low,18,with-plugin_low_18,exp(04:12:57)_fase3_low_iter18,scorpius,5,1,0,1,1,1,0,1,3
with-plugin,low,19,with-plugin_low_19,exp(04:19:59)_fase3_low_iter19,aspire,2,1,0,0,0,1,0,0,4
with-plugin,low,19,with-plugin_low_19,exp(04:19:59)_fase3_low_iter19,leo,1,0,1,0,0,0,0,0,3
with-plugin,low,19,with-plugin_low_19,exp(04:19:59)_fase3_low_iter19,nitro5,0,0,0,0,0,0,0,0,7
with-plugin,low,19,with-plugin_low_19,exp(04:19:59)_fase3_low_iter19,scorpius,4,0,0,1,1,0,1,1,2
with-plugin,low,20,with-plugin_low_20,exp(04:26:36)_fase3_low_iter20,aspire,1,0,1,0,0,0,0,0,3
with-plugin,low,20,with-plugin_low_20,exp(04:26:36)_fase3_low_iter20,leo,1,0,0,0,0,0,1,0,2
with-plugin,low,20,with-plugin_low_20,exp(04:26:36)_fase3_low_iter20,nitro5,0,0,0,0,0,0,0,0,8
with-plugin,low,20,with-plugin_low_20,exp(04:26:36)_fase3_low_iter20,scorpius,5,1,0,1,1,1,0,1,3
with-plugin,medium,1,with-plugin_medium_1,exp(04:33:06)_fase3_medium_iter1,aspire,2,1,0,0,0,1,0,0,4
with-plugin,medium,1,with-plugin_medium_1,exp(04:33:06)_fase3_medium_iter1,leo,1,0,0,0,0,0,1,0,3
with-plugin,medium,1,with-plugin_medium_1,exp(04:33:06)_fase3_medium_iter1,nitro5,0,0,0,0,0,0,0,0,7
with-plugin,medium,1,with-plugin_medium_1,exp(04:33:06)_fase3_medium_iter1,scorpius,4,0,1,1,1,0,0,1,2
with-plugin,medium,2,with-plugin_medium_2,exp(04:39:43)_fase3_medium_iter2,aspire,1,0,1,0,0,0,0,0,3
with-plugin,medium,2,with-plugin_medium_2,exp(04:39:43)_fase3_medium_iter2,leo,1,0,0,0,0,0,1,0,2
with-plugin,medium,2,with-plugin_medium_2,exp(04:39:43)_fase3_medium_iter2,nitro5,0,0,0,0,0,0,0,0,8
with-plugin,medium,2,with-plugin_medium_2,exp(04:39:43)_fase3_medium_iter2,scorpius,5,1,0,1,1,1,0,1,3
with-plugin,medium,3,with-plugin_medium_3,exp(04:46:28)_fase3_medium_iter3,aspire,2,1,0,0,0,1,0,0,4
with-plugin,medium,3,with-plugin_medium_3,exp(04:46:28)_fase3_medium_iter3,leo,1,0,0,0,0,0,1,0,3
with-plugin,medium,3,with-plugin_medium_3,exp(04:46:28)_fase3_medium_iter3,nitro5,0,0,0,0,0,0,0,0,7
with-plugin,medium,3,with-plugin_medium_3,exp(04:46:28)_fase3_medium_iter3,scorpius,4,0,1,1,1,0,0,1,2
with-plugin,medium,4,with-plugin_medium_4,exp(04:53:13)_fase3_medium_iter4,aspire,1,0,1,0,0,0,0,0,3
with-plugin,medium,4,with-plugin_medium_4,exp(04:53:13)_fase3_medium_iter4,leo,1,1,0,0,0,0,0,0,2
with-plugin,medium,4,with-plugin_medium_4,exp(04:53:13)_fase3_medium_iter4,nitro5,0,0,0,0,0,0,0,0,8
with-plugin,medium,4,with-plugin_medium_4,exp(04:53:13)_fase3_medium_iter4,scorpius,5,0,0,1,1,1,1,1,3
with-plugin,medium,5,with-plugin_medium_5,exp(04:59:46)_fase3_medium_iter5,aspire,2,1,0,0,0,1,0,0,4
with-plugin,medium,5,with-plugin_medium_5,exp(04:59:46)_fase3_medium_iter5,leo,1,0,1,0,0,0,0,0,3
with-plugin,medium,5,with-plugin_medium_5,exp(04:59:46)_fase3_medium_iter5,nitro5,0,0,0,0,0,0,0,0,7
with-plugin,medium,5,with-plugin_medium_5,exp(04:59:46)_fase3_medium_iter5,scorpius,4,0,0,1,1,0,1,1,2
with-plugin,medium,6,with-plugin_medium_6,exp(05:06:22)_fase3_medium_iter6,aspire,1,0,1,0,0,0,0,0,3
with-plugin,medium,6,with-plugin_medium_6,exp(05:06:22)_fase3_medium_iter6,leo,1,0,0,0,0,0,1,0,2
with-plugin,medium,6,with-plugin_medium_6,exp(05:06:22)_fase3_medium_iter6,nitro5,0,0,0,0,0,0,0,0,8
with-plugin,medium,6,with-plugin_medium_6,exp(05:06:22)_fase3_medium_iter6,scorpius,5,1,0,1,1,1,0,1,3
with-plugin,medium,7,with-plugin_medium_7,exp(05:12:30)_fase3_medium_iter7,aspire,2,1,0,0,0,1,0,0,4
with-plugin,medium,7,with-plugin_medium_7,exp(05:12:30)_fase3_medium_iter7,leo,1,0,0,0,0,0,1,0,3
with-plugin,medium,7,with-plugin_medium_7,exp(05:12:30)_fase3_medium_iter7,nitro5,0,0,0,0,0,0,0,0,7
with-plugin,medium,7,with-plugin_medium_7,exp(05:12:30)_fase3_medium_iter7,scorpius,4,0,1,1,1,0,0,1,2
with-plugin,medium,8,with-plugin_medium_8,exp(05:19:09)_fase3_medium_iter8,aspire,1,0,1,0,0,0,0,0,3
with-plugin,medium,8,with-plugin_medium_8,exp(05:19:09)_fase3_medium_iter8,leo,1,1,0,0,0,0,0,0,2
with-plugin,medium,8,with-plugin_medium_8,exp(05:19:09)_fase3_medium_iter8,nitro5,0,0,0,0,0,0,0,0,8
with-plugin,medium,8,with-plugin_medium_8,exp(05:19:09)_fase3_medium_iter8,scorpius,5,0,0,1,1,1,1,1,3
with-plugin,medium,9,with-plugin_medium_9,exp(05:31:15)_fase3_medium_iter9,aspire,2,1,0,0,0,1,0,0,4
with-plugin,medium,9,with-plugin_medium_9,exp(05:31:15)_fase3_medium_iter9,leo,1,0,0,0,0,0,1,0,3
with-plugin,medium,9,with-plugin_medium_9,exp(05:31:15)_fase3_medium_iter9,nitro5,0,0,0,0,0,0,0,0,7
with-plugin,medium,9,with-plugin_medium_9,exp(05:31:15)_fase3_medium_iter9,scorpius,4,0,1,1,1,0,0,1,2
without-plugin,high,1,without-plugin_high_1,exp(05:24:30)_fase3_high_iter1,aspire,3,1,1,0,0,1,0,0,3
without-plugin,high,1,without-plugin_high_1,exp(05:24:30)_fase3_high_iter1,leo,2,0,0,1,0,0,0,1,3
without-plugin,high,1,without-plugin_high_1,exp(05:24:30)_fase3_high_iter1,nitro5,0,0,0,0,0,0,0,0,7
without-plugin,high,1,without-plugin_high_1,exp(05:24:30)_fase3_high_iter1,scorpius,2,0,0,0,1,0,1,0,2
without-plugin,high,2,without-plugin_high_2,exp(05:32:12)_fase3_high_iter2,aspire,3,1,0,1,0,1,0,0,4
without-plugin,high,2,without-plugin_high_2,exp(05:32:12)_fase3_high_iter2,leo,2,0,0,0,0,0,1,1,2
without-plugin,high,2,without-plugin_high_2,exp(05:32:12)_fase3_high_iter2,nitro5,0,0,0,0,0,0,0,0,6
without-plugin,high,2,without-plugin_high_2,exp(05:32:12)_fase3_high_iter2,scorpius,2,0,1,0,1,0,0,0,3
without-plugin,high,3,without-plugin_high_3,exp(05:38:35)_fase3_high_iter3,aspire,3,1,1,0,0,0,0,1,3
without-plugin,high,3,without-plugin_high_3,exp(05:38:35)_fase3_high_iter3,leo,2,0,0,1,0,1,0,0,3
without-plugin,high,3,without-plugin_high_3,exp(05:38:35)_fase3_high_iter3,nitro5,0,0,0,0,0,0,0,0,7
without-plugin,high,3,without-plugin_high_3,exp(05:38:35)_fase3_high_iter3,scorpius,2,0,0,0,1,0,1,0,2
without-plugin,high,4,without-plugin_high_4,exp(08:21:36)_fase3_high_iter1,aspire,4,1,0,1,0,0,1,1,3
without-plugin,high,4,without-plugin_high_4,exp(08:21:36)_fase3_high_iter1,leo,2,0,1,0,1,0,0,0,3
without-plugin,high,4,without-plugin_high_4,exp(08:21:36)_fase3_high_iter1,nitro5,0,0,0,0,0,0,0,0,7
without-plugin,high,4,without-plugin_high_4,exp(08:21:36)_fase3_high_iter1,scorpius,1,0,0,0,0,1,0,0,2
without-plugin,high,5,without-plugin_high_5,exp(08:37:20)_fase3_high_iter3,aspire,3,0,0,1,0,0,1,1,3
without-plugin,high,5,without-plugin_high_5,exp(08:37:20)_fase3_high_iter3,leo,2,0,1,0,1,0,0,0,3
without-plugin,high,5,without-plugin_high_5,exp(08:37:20)_fase3_high_iter3,nitro5,0,0,0,0,0,0,0,0,7
without-plugin,high,5,without-plugin_high_5,exp(08:37:20)_fase3_high_iter3,scorpius,2,1,0,0,0,1,0,0,2
without-plugin,high,6,without-plugin_high_6,exp(21:41:23)_fase3_high_iter1,aspire,4,1,0,1,0,0,1,1,3
without-plugin,high,6,without-plugin_high_6,exp(21:41:23)_fase3_high_iter1,leo,2,0,1,0,1,0,0,0,2
without-plugin,high,6,without-plugin_high_6,exp(21:41:23)_fase3_high_iter1,nitro5,0,0,0,0,0,0,0,0,6
without-plugin,high,6,without-plugin_high_6,exp(21:41:23)_fase3_high_iter1,scorpius,1,0,0,0,0,1,0,0,4
without-plugin,high,7,without-plugin_high_7,exp(21:47:43)_fase3_high_iter2,aspire,4,1,1,0,1,1,0,0,2
without-plugin,high,7,without-plugin_high_7,exp(21:47:43)_fase3_high_iter2,leo,2,0,0,1,0,0,0,1,3
without-plugin,high,7,without-plugin_high_7,exp(21:47:43)_fase3_high_iter2,nitro5,0,0,0,0,0,0,0,0,7
without-plugin,high,7,without-plugin_high_7,exp(21:47:43)_fase3_high_iter2,scorpius,1,0,0,0,0,0,1,0,3
without-plugin,high,8,without-plugin_high_8,exp(21:58:26)_fase3_high_iter3,aspire,4,0,1,1,1,1,0,0,3
without-plugin,high,8,without-plugin_high_8,exp(21:58:26)_fase3_high_iter3,leo,2,1,0,0,0,0,0,1,2
without-plugin,high,8,without-plugin_high_8,exp(21:58:26)_fase3_high_iter3,nitro5,0,0,0,0,0,0,0,0,6
without-plugin,high,8,without-plugin_high_8,exp(21:58:26)_fase3_high_iter3,scorpius,1,0,0,0,0,0,1,0,4
without-plugin,high,9,without-plugin_high_9,exp(22:06:21)_fase3_high_iter4,aspire,4,1,1,1,0,0,0,1,2
without-plugin,high,9,without-plugin_high_9,exp(22:06:21)_fase3_high_iter4,leo,2,0,0,0,1,1,0,0,3
without-plugin,high,9,without-plugin_high_9,exp(22:06:21)_fase3_high_iter4,nitro5,0,0,0,0,0,0,0,0,7
without-plugin,high,9,without-plugin_high_9,exp(22:06:21)_fase3_high_iter4,scorpius,1,0,0,0,0,0,1,0,3
without-plugin,high,10,without-plugin_high_10,exp(22:14:20)_fase3_high_iter5,aspire,4,1,1,1,1,0,0,0,3
without-plugin,high,10,without-plugin_high_10,exp(22:14:20)_fase3_high_iter5,leo,2,0,0,0,0,0,1,1,2
without-plugin,high,10,without-plugin_high_10,exp(22:14:20)_fase3_high_iter5,nitro5,0,0,0,0,0,0,0,0,6
without-plugin,high,10,without-plugin_high_10,exp(22:14:20)_fase3_high_iter5,scorpius,1,0,0,0,0,1,0,0,4
without-plugin,high,11,without-plugin_high_11,exp(22:20:55)_fase3_high_iter6,aspire,4,0,1,0,1,0,1,1,2
without-plugin,high,11,without-plugin_high_11,exp(22:20:55)_fase3_high_iter6,leo,2,0,0,1,0,1,0,0,3
without-plugin,high,11,without-plugin_high_11,exp(22:20:55)_fase3_high_iter6,nitro5,0,0,0,0,0,0,0,0,7
without-plugin,high,11,without-plugin_high_11,exp(22:20:55)_fase3_high_iter6,scorpius,1,1,0,0,0,0,0,0,3
without-plugin,high,12,without-plugin_high_12,exp(22:29:57)_fase3_high_iter7,aspire,4,1,0,1,1,1,0,0,3
without-plugin,high,12,without-plugin_high_12,exp(22:29:57)_fase3_high_iter7,leo,2,0,0,0,0,0,1,1,2
without-plugin,high,12,without-plugin_high_12,exp(22:29:57)_fase3_high_iter7,nitro5,0,0,0,0,0,0,0,0,6
without-plugin,high,12,without-plugin_high_12,exp(22:29:57)_fase3_high_iter7,scorpius,1,0,1,0,0,0,0,0,4
without-plugin,high,13,without-plugin_high_13,exp(22:56:08)_fase3_high_iter8,aspire,2,0,1,0,0,0,1,0,2
without-plugin,high,13,without-plugin_high_13,exp(22:56:08)_fase3_high_iter8,leo,3,1,0,0,0,1,0,1,3
without-plugin,high,13,without-plugin_high_13,exp(22:56:08)_fase3_high_iter8,nitro5,0,0,0,0,0,0,0,0,7
without-plugin,high,13,without-plugin_high_13,exp(22:56:08)_fase3_high_iter8,scorpius,2,0,0,1,1,0,0,0,3
without-plugin,high,14,without-plugin_high_14,exp(23:07:07)_fase3_high_iter1,aspire,3,1,0,0,1,1,0,0,4
without-plugin,high,14,without-plugin_high_14,exp(23:07:07)_fase3_high_iter1,leo,2,0,0,0,0,0,1,1,2
without-plugin,high,14,without-plugin_high_14,exp(23:07:07)_fase3_high_iter1,nitro5,0,0,0,0,0,0,0,0,6
without-plugin,high,14,without-plugin_high_14,exp(23:07:07)_fase3_high_iter1,scorpius,2,0,1,1,0,0,0,0,3
without-plugin,high,15,without-plugin_high_15,exp(23:07:40)_fase3_high_iter9,aspire,4,1,0,1,1,1,0,0,3
without-plugin,high,15,without-plugin_high_15,exp(23:07:40)_fase3_high_iter9,leo,2,0,0,0,0,0,1,1,2
without-plugin,high,15,without-plugin_high_15,exp(23:07:40)_fase3_high_iter9,nitro5,0,0,0,0,0,0,0,0,6
without-plugin,high,15,without-plugin_high_15,exp(23:07:40)_fase3_high_iter9,scorpius,1,0,1,0,0,0,0,0,4
without-plugin,low,1,without-plugin_low_1,exp(01:26:36)_fase3_low_iter1,aspire,3,0,0,1,0,1,1,0,3
without-plugin,low,1,without-plugin_low_1,exp(01:26:36)_fase3_low_iter1,leo,2,0,1,0,0,0,0,1,2
without-plugin,low,1,without-plugin_low_1,exp(01:26:36)_fase3_low_iter1,nitro5,0,0,0,0,0,0,0,0,7
without-plugin,low,1,without-plugin_low_1,exp(01:26:36)_fase3_low_iter1,scorpius,2,1,0,0,1,0,0,0,3
without-plugin,low,2,without-plugin_low_2,exp(01:33:05)_fase3_low_iter2,aspire,4,1,0,0,1,1,1,0,2
without-plugin,low,2,without-plugin_low_2,exp(01:33:05)_fase3_low_iter2,leo,2,0,1,1,0,0,0,0,3
without-plugin,low,2,without-plugin_low_2,exp(01:33:05)_fase3_low_iter2,nitro5,0,0,0,0,0,0,0,0,8
without-plugin,low,2,without-plugin_low_2,exp(01:33:05)_fase3_low_iter2,scorpius,1,0,0,0,0,0,0,1,2
without-plugin,low,3,without-plugin_low_3,exp(01:57:40)_fase3_low_iter3,aspire,3,0,0,1,0,0,1,1,3
without-plugin,low,3,without-plugin_low_3,exp(01:57:40)_fase3_low_iter3,leo,2,1,0,0,0,1,0,0,2
without-plugin,low,3,without-plugin_low_3,exp(01:57:40)_fase3_low_iter3,nitro5,0,0,0,0,0,0,0,0,7
without-plugin,low,3,without-plugin_low_3,exp(01:57:40)_fase3_low_iter3,scorpius,2,0,1,0,1,0,0,0,3
without-plugin,low,4,without-plugin_low_4,exp(04:42:15)_fase3_low_iter1,aspire,3,1,1,0,0,1,0,0,3
without-plugin,low,4,without-plugin_low_4,exp(04:42:15)_fase3_low_iter1,leo,2,0,0,1,0,0,0,1,3
without-plugin,low,4,without-plugin_low_4,exp(04:42:15)_fase3_low_iter1,nitro5,0,0,0,0,0,0,0,0,7
without-plugin,low,4,without-plugin_low_4,exp(04:42:15)_fase3_low_iter1,scorpius,2,0,0,0,1,0,1,0,2
without-plugin,low,5,without-plugin_low_5,exp(04:49:08)_fase3_low_iter2,aspire,3,0,1,0,1,0,1,0,4
without-plugin,low,5,without-plugin_low_5,exp(04:49:08)_fase3_low_iter2,leo,2,1,0,0,0,0,0,1,2
without-plugin,low,5,without-plugin_low_5,exp(04:49:08)_fase3_low_iter2,nitro5,0,0,0,0,0,0,0,0,6
without-plugin,low,5,without-plugin_low_5,exp(04:49:08)_fase3_low_iter2,scorpius,2,0,0,1,0,1,0,0,3
without-plugin,low,6,without-plugin_low_6,exp(04:55:44)_fase3_low_iter3,aspire,3,1,1,0,0,1,0,0,3
without-plugin,low,6,without-plugin_low_6,exp(04:55:44)_fase3_low_iter3,leo,2,0,0,1,0,0,0,1,3
without-plugin,low,6,without-plugin_low_6,exp(04:55:44)_fase3_low_iter3,nitro5,0,0,0,0,0,0,0,0,7
without-plugin,low,6,without-plugin_low_6,exp(04:55:44)_fase3_low_iter3,scorpius,2,0,0,0,1,0,1,0,2
without-plugin,low,7,without-plugin_low_7,exp(06:04:53)_fase3_low_iter4,aspire,3,0,1,0,1,0,0,1,3
without-plugin,low,7,without-plugin_low_7,exp(06:04:53)_fase3_low_iter4,leo,2,0,0,1,0,0,1,0,3
without-plugin,low,7,without-plugin_low_7,exp(06:04:53)_fase3_low_iter4,nitro5,0,0,0,0,0,0,0,0,7
without-plugin,low,7,without-plugin_low_7,exp(06:04:53)_fase3_low_iter4,scorpius,2,1,0,0,0,1,0,0,2
without-plugin,low,8,without-plugin_low_8,exp(06:12:48)_fase3_low_iter5,aspire,3,0,0,1,0,1,1,0,2
without-plugin,low,8,without-plugin_low_8,exp(06:12:48)_fase3_low_iter5,leo,2,1,0,0,0,0,0,1,2
without-plugin,low,8,without-plugin_low_8,exp(06:12:48)_fase3_low_iter5,nitro5,0,0,0,0,0,0,0,0,8
without-plugin,low,8,without-plugin_low_8,exp(06:12:48)_fase3_low_iter5,scorpius,2,0,1,0,1,0,0,0,3
without-plugin,low,9,without-plugin_low_9,exp(07:03:35)_fase3_low_iter9,aspire,3,0,0,1,1,0,1,0,2
without-plugin,low,9,without-plugin_low_9,exp(07:03:35)_fase3_low_iter9,leo,2,0,1,0,0,0,0,1,2
without-plugin,low,9,without-plugin_low_9,exp(07:03:35)_fase3_low_iter9,nitro5,0,0,0,0,0,0,0,0,8
without-plugin,low,9,without-plugin_low_9,exp(07:03:35)_fase3_low_iter9,scorpius,2,1,0,0,0,1,0,0,3
without-plugin,low,10,without-plugin_low_10,exp(21:20:45)_fase3_low_iter1,aspire,3,0,0,1,0,0,1,1,3
without-plugin,low,10,without-plugin_low_10,exp(21:20:45)_fase3_low_iter1,leo,2,1,0,0,1,0,0,0,3
without-plugin,low,10,without-plugin_low_10,exp(21:20:45)_fase3_low_iter1,nitro5,0,0,0,0,0,0,0,0,7
without-plugin,low,10,without-plugin_low_10,exp(21:20:45)_fase3_low_iter1,scorpius,2,0,1,0,0,1,0,0,2
without-plugin,low,11,without-plugin_low_11,exp(21:29:09)_fase3_low_iter2,aspire,3,0,0,1,0,1,1,0,2
without-plugin,low,11,without-plugin_low_11,exp(21:29:09)_fase3_low_iter2,leo,2,1,0,0,0,0,0,1,2
without-plugin,low,11,without-plugin_low_11,exp(21:29:09)_fase3_low_iter2,nitro5,0,0,0,0,0,0,0,0,8
without-plugin,low,11,without-plugin_low_11,exp(21:29:09)_fase3_low_iter2,scorpius,2,0,1,0,1,0,0,0,3
without-plugin,low,12,without-plugin_low_12,exp(21:36:16)_fase3_low_iter3,aspire,3,0,1,1,0,0,0,1,3
without-plugin,low,12,without-plugin_low_12,exp(21:36:16)_fase3_low_iter3,leo,2,0,0,0,1,0,1,0,3
without-plugin,low,12,without-plugin_low_12,exp(21:36:16)_fase3_low_iter3,nitro5,0,0,0,0,0,0,0,0,7
without-plugin,low,12,without-plugin_low_12,exp(21:36:16)_fase3_low_iter3,scorpius,2,1,0,0,0,1,0,0,2
without-plugin,low,13,without-plugin_low_13,exp(21:47:29)_fase3_low_iter4,aspire,4,1,0,1,0,1,1,0,2
without-plugin,low,13,without-plugin_low_13,exp(21:47:29)_fase3_low_iter4,leo,1,0,0,0,0,0,0,1,2
without-plugin,low,13,without-plugin_low_13,exp(21:47:29)_fase3_low_iter4,nitro5,0,0,0,0,0,0,0,0,8
without-plugin,low,13,without-plugin_low_13,exp(21:47:29)_fase3_low_iter4,scorpius,2,0,1,0,1,0,0,0,3
without-plugin,low,14,without-plugin_low_14,exp(21:54:49)_fase3_low_iter5,aspire,3,0,1,1,0,0,0,1,3
without-plugin,low,14,without-plugin_low_14,exp(21:54:49)_fase3_low_iter5,leo,2,0,0,0,1,0,1,0,3
without-plugin,low,14,without-plugin_low_14,exp(21:54:49)_fase3_low_iter5,nitro5,0,0,0,0,0,0,0,0,7
without-plugin,low,14,without-plugin_low_14,exp(21:54:49)_fase3_low_iter5,scorpius,2,1,0,0,0,1,0,0,2
without-plugin,low,15,without-plugin_low_15,exp(22:02:44)_fase3_low_iter6,aspire,3,0,1,1,0,0,1,0,2
without-plugin,low,15,without-plugin_low_15,exp(22:02:44)_fase3_low_iter6,leo,2,1,0,0,0,0,0,1,2
without-plugin,low,15,without-plugin_low_15,exp(22:02:44)_fase3_low_iter6,nitro5,0,0,0,0,0,0,0,0,8
without-plugin,low,15,without-plugin_low_15,exp(22:02:44)_fase3_low_iter6,scorpius,2,0,0,0,1,1,0,0,3
without-plugin,low,16,without-plugin_low_16,exp(22:11:14)_fase3_low_iter7,aspire,4,1,0,1,0,0,1,1,3
without-plugin,low,16,without-plugin_low_16,exp(22:11:14)_fase3_low_iter7,leo,2,0,1,0,1,0,0,0,3
without-plugin,low,16,without-plugin_low_16,exp(22:11:14)_fase3_low_iter7,nitro5,0,0,0,0,0,0,0,0,7
without-plugin,low,16,without-plugin_low_16,exp(22:11:14)_fase3_low_iter7,scorpius,1,0,0,0,0,1,0,0,2
without-plugin,low,17,without-plugin_low_17,exp(22:36:32)_fase3_low_iter8,aspire,4,1,1,1,0,0,1,0,2
without-plugin,low,17,without-plugin_low_17,exp(22:36:32)_fase3_low_iter8,leo,1,0,0,0,0,0,0,1,2
without-plugin,low,17,without-plugin_low_17,exp(22:36:32)_fase3_low_iter8,nitro5,0,0,0,0,0,0,0,0,8
without-plugin,low,17,without-plugin_low_17,exp(22:36:32)_fase3_low_iter8,scorpius,2,0,0,0,1,1,0,0,3
without-plugin,low,18,without-plugin_low_18,exp(22:54:05)_fase3_low_iter1,aspire,3,1,1,1,0,0,0,0,4
without-plugin,low,18,without-plugin_low_18,exp(22:54:05)_fase3_low_iter1,leo,2,0,0,0,0,0,1,1,2
without-plugin,low,18,without-plugin_low_18,exp(22:54:05)_fase3_low_iter1,nitro5,0,0,0,0,0,0,0,0,6
without-plugin,low,18,without-plugin_low_18,exp(22:54:05)_fase3_low_iter1,scorpius,2,0,0,0,1,1,0,0,3
without-plugin,low,19,without-plugin_low_19,exp(23:14:18)_fase3_low_iter1,aspire,3,1,1,0,0,1,0,0,3
without-plugin,low,19,without-plugin_low_19,exp(23:14:18)_fase3_low_iter1,leo,2,0,0,1,0,0,0,1,3
without-plugin,low,19,without-plugin_low_19,exp(23:14:18)_fase3_low_iter1,nitro5,0,0,0,0,0,0,0,0,7
without-plugin,low,19,without-plugin_low_19,exp(23:14:18)_fase3_low_iter1,scorpius,2,0,0,0,1,0,1,0,2
without-plugin,low,20,without-plugin_low_20,exp(23:22:39)_fase3_low_iter2,aspire,3,0,1,1,0,0,1,0,4
without-plugin,low,20,without-plugin_low_20,exp(23:22:39)_fase3_low_iter2,leo,2,1,0,0,0,0,0,1,2
without-plugin,low,20,without-plugin_low_20,exp(23:22:39)_fase3_low_iter2,nitro5,0,0,0,0,0,0,0,0,6
without-plugin,low,20,without-plugin_low_20,exp(23:22:39)_fase3_low_iter2,scorpius,2,0,0,0,1,1,0,0,3
without-plugin,low,21,without-plugin_low_21,exp(23:28:58)_fase3_low_iter3,aspire,3,0,1,0,0,0,1,1,3
without-plugin,low,21,without-plugin_low_21,exp(23:28:58)_fase3_low_iter3,leo,2,0,0,1,0,1,0,0,3
without-plugin,low,21,without-plugin_low_21,exp(23:28:58)_fase3_low_iter3,nitro5,0,0,0,0,0,0,0,0,7
without-plugin,low,21,without-plugin_low_21,exp(23:28:58)_fase3_low_iter3,scorpius,2,1,0,0,1,0,0,0,2
without-plugin,medium,1,without-plugin_medium_1,exp(05:04:02)_fase3_medium_iter1,aspire,3,0,1,1,0,0,1,0,4
without-plugin,medium,1,without-plugin_medium_1,exp(05:04:02)_fase3_medium_iter1,leo,2,1,0,0,0,0,0,1,2
without-plugin,medium,1,without-plugin_medium_1,exp(05:04:02)_fase3_medium_iter1,nitro5,0,0,0,0,0,0,0,0,6
without-plugin,medium,1,without-plugin_medium_1,exp(05:04:02)_fase3_medium_iter1,scorpius,2,0,0,0,1,1,0,0,3
without-plugin,medium,2,without-plugin_medium_2,exp(05:10:17)_fase3_medium_iter2,aspire,3,0,1,0,0,0,1,1,3
without-plugin,medium,2,without-plugin_medium_2,exp(05:10:17)_fase3_medium_iter2,leo,2,0,0,1,0,1,0,0,3
without-plugin,medium,2,without-plugin_medium_2,exp(05:10:17)_fase3_medium_iter2,nitro5,0,0,0,0,0,0,0,0,7
without-plugin,medium,2,without-plugin_medium_2,exp(05:10:17)_fase3_medium_iter2,scorpius,2,1,0,0,1,0,0,0,2
without-plugin,medium,3,without-plugin_medium_3,exp(05:18:13)_fase3_medium_iter3,aspire,3,1,1,1,0,0,0,0,4
without-plugin,medium,3,without-plugin_medium_3,exp(05:18:13)_fase3_medium_iter3,leo,2,0,0,0,0,0,1,1,2
without-plugin,medium,3,without-plugin_medium_3,exp(05:18:13)_fase3_medium_iter3,nitro5,0,0,0,0,0,0,0,0,6
without-plugin,medium,3,without-plugin_medium_3,exp(05:18:13)_fase3_medium_iter3,scorpius,2,0,0,0,1,1,0,0,3
without-plugin,medium,4,without-plugin_medium_4,exp(06:20:25)_fase3_medium_iter1,aspire,3,0,0,1,0,0,1,1,3
without-plugin,medium,4,without-plugin_medium_4,exp(06:20:25)_fase3_medium_iter1,leo,2,0,1,0,1,0,0,0,3
without-plugin,medium,4,without-plugin_medium_4,exp(06:20:25)_fase3_medium_iter1,nitro5,0,0,0,0,0,0,0,0,7
without-plugin,medium,4,without-plugin_medium_4,exp(06:20:25)_fase3_medium_iter1,scorpius,2,1,0,0,0,1,0,0,2
without-plugin,medium,5,without-plugin_medium_5,exp(06:28:20)_fase3_medium_iter2,aspire,4,1,1,1,0,0,1,0,2
without-plugin,medium,5,without-plugin_medium_5,exp(06:28:20)_fase3_medium_iter2,leo,1,0,0,0,0,0,0,1,2
without-plugin,medium,5,without-plugin_medium_5,exp(06:28:20)_fase3_medium_iter2,nitro5,0,0,0,0,0,0,0,0,8
without-plugin,medium,5,without-plugin_medium_5,exp(06:28:20)_fase3_medium_iter2,scorpius,2,0,0,0,1,1,0,0,3
without-plugin,medium,6,without-plugin_medium_6,exp(06:35:32)_fase3_medium_iter3,aspire,3,0,0,1,0,0,1,1,3
without-plugin,medium,6,without-plugin_medium_6,exp(06:35:32)_fase3_medium_iter3,leo,2,0,1,0,1,0,0,0,3
without-plugin,medium,6,without-plugin_medium_6,exp(06:35:32)_fase3_medium_iter3,nitro5,0,0,0,0,0,0,0,0,7
without-plugin,medium,6,without-plugin_medium_6,exp(06:35:32)_fase3_medium_iter3,scorpius,2,1,0,0,0,1,0,0,2
without-plugin,medium,7,without-plugin_medium_7,exp(07:13:58)_fase3_medium_iter1,aspire,3,0,0,1,1,0,1,0,2
without-plugin,medium,7,without-plugin_medium_7,exp(07:13:58)_fase3_medium_iter1,leo,2,0,1,0,0,0,0,1,2
without-plugin,medium,7,without-plugin_medium_7,exp(07:13:58)_fase3_medium_iter1,nitro5,0,0,0,0,0,0,0,0,8
without-plugin,medium,7,without-plugin_medium_7,exp(07:13:58)_fase3_medium_iter1,scorpius,2,1,0,0,0,1,0,0,3
without-plugin,medium,8,without-plugin_medium_8,exp(07:22:01)_fase3_medium_iter2,aspire,4,1,1,1,1,0,0,0,3
without-plugin,medium,8,without-plugin_medium_8,exp(07:22:01)_fase3_medium_iter2,leo,2,0,0,0,0,0,1,1,3
without-plugin,medium,8,without-plugin_medium_8,exp(07:22:01)_fase3_medium_iter2,nitro5,0,0,0,0,0,0,0,0,7
without-plugin,medium,8,without-plugin_medium_8,exp(07:22:01)_fase3_medium_iter2,scorpius,1,0,0,0,0,1,0,0,2
without-plugin,medium,9,without-plugin_medium_9,exp(07:28:48)_fase3_medium_iter3,aspire,4,1,0,0,1,1,1,0,2
without-plugin,medium,9,without-plugin_medium_9,exp(07:28:48)_fase3_medium_iter3,leo,1,0,0,0,0,0,0,1,2
without-plugin,medium,9,without-plugin_medium_9,exp(07:28:48)_fase3_medium_iter3,nitro5,0,0,0,0,0,0,0,0,8
without-plugin,medium,9,without-plugin_medium_9,exp(07:28:48)_fase3_medium_iter3,scorpius,2,0,1,1,0,0,0,0,3
without-plugin,medium,10,without-plugin_medium_10,exp(07:36:27)_fase3_medium_iter4,aspire,3,0,1,1,0,0,0,1,3
without-plugin,medium,10,without-plugin_medium_10,exp(07:36:27)_fase3_medium_iter4,leo,2,0,0,0,1,0,1,0,3
without-plugin,medium,10,without-plugin_medium_10,exp(07:36:27)_fase3_medium_iter4,nitro5,0,0,0,0,0,0,0,0,7
without-plugin,medium,10,without-plugin_medium_10,exp(07:36:27)_fase3_medium_iter4,scorpius,2,1,0,0,0,1,0,0,2
without-plugin,medium,11,without-plugin_medium_11,exp(07:42:50)_fase3_medium_iter5,aspire,4,1,1,0,1,0,1,0,2
without-plugin,medium,11,without-plugin_medium_11,exp(07:42:50)_fase3_medium_iter5,leo,1,0,0,0,0,0,0,1,2
without-plugin,medium,11,without-plugin_medium_11,exp(07:42:50)_fase3_medium_iter5,nitro5,0,0,0,0,0,0,0,0,8
without-plugin,medium,11,without-plugin_medium_11,exp(07:42:50)_fase3_medium_iter5,scorpius,2,0,0,1,0,1,0,0,3
without-plugin,medium,12,without-plugin_medium_12,exp(07:51:18)_fase3_medium_iter6,aspire,3,0,1,1,1,0,0,0,3
without-plugin,medium,12,without-plugin_medium_12,exp(07:51:18)_fase3_medium_iter6,leo,2,0,0,0,0,0,1,1,3
without-plugin,medium,12,without-plugin_medium_12,exp(07:51:18)_fase3_medium_iter6,nitro5,0,0,0,0,0,0,0,0,7
without-plugin,medium,12,without-plugin_medium_12,exp(07:51:18)_fase3_medium_iter6,scorpius,2,1,0,0,0,1,0,0,2
without-plugin,medium,13,without-plugin_medium_13,exp(07:57:40)_fase3_medium_iter7,aspire,4,1,1,0,1,0,1,0,2
without-plugin,medium,13,without-plugin_medium_13,exp(07:57:40)_fase3_medium_iter7,leo,1,0,0,0,0,0,0,1,2
without-plugin,medium,13,without-plugin_medium_13,exp(07:57:40)_fase3_medium_iter7,nitro5,0,0,0,0,0,0,0,0,8
without-plugin,medium,13,without-plugin_medium_13,exp(07:57:40)_fase3_medium_iter7,scorpius,2,0,0,1,0,1,0,0,3
without-plugin,medium,14,without-plugin_medium_14,exp(08:05:26)_fase3_medium_iter8,aspire,3,0,0,1,1,0,1,0,3
without-plugin,medium,14,without-plugin_medium_14,exp(08:05:26)_fase3_medium_iter8,leo,2,0,1,0,0,0,0,1,3
without-plugin,medium,14,without-plugin_medium_14,exp(08:05:26)_fase3_medium_iter8,nitro5,0,0,0,0,0,0,0,0,7
without-plugin,medium,14,without-plugin_medium_14,exp(08:05:26)_fase3_medium_iter8,scorpius,2,1,0,0,0,1,0,0,2
without-plugin,medium,15,without-plugin_medium_15,exp(08:13:08)_fase3_medium_iter9,aspire,4,1,1,1,0,0,1,0,2
without-plugin,medium,15,without-plugin_medium_15,exp(08:13:08)_fase3_medium_iter9,leo,1,0,0,0,0,0,0,1,2
without-plugin,medium,15,without-plugin_medium_15,exp(08:13:08)_fase3_medium_iter9,nitro5,0,0,0,0,0,0,0,0,8
without-plugin,medium,15,without-plugin_medium_15,exp(08:13:08)_fase3_medium_iter9,scorpius,2,0,0,0,1,1,0,0,3
without-plugin,medium,16,without-plugin_medium_16,exp(23:00:51)_fase3_medium_iter1,aspire,3,0,1,0,0,0,1,1,3
without-plugin,medium,16,without-plugin_medium_16,exp(23:00:51)_fase3_medium_iter1,leo,2,0,0,1,0,1,0,0,3
without-plugin,medium,16,without-plugin_medium_16,exp(23:00:51)_fase3_medium_iter1,nitro5,0,0,0,0,0,0,0,0,7
without-plugin,medium,16,without-plugin_medium_16,exp(23:00:51)_fase3_medium_iter1,scorpius,2,1,0,0,1,0,0,0,2
without-plugin,medium,17,without-plugin_medium_17,exp(23:36:51)_fase3_medium_iter1,aspire,3,1,0,1,0,1,0,0,4
without-plugin,medium,17,without-plugin_medium_17,exp(23:36:51)_fase3_medium_iter1,leo,2,0,0,0,0,0,1,1,2
without-plugin,medium,17,without-plugin_medium_17,exp(23:36:51)_fase3_medium_iter1,nitro5,0,0,0,0,0,0,0,0,6
without-plugin,medium,17,without-plugin_medium_17,exp(23:36:51)_fase3_medium_iter1,scorpius,2,0,1,0,1,0,0,0,3
without-plugin,medium,18,without-plugin_medium_18,exp(23:43:10)_fase3_medium_iter2,aspire,3,1,1,0,0,1,0,0,3
without-plugin,medium,18,without-plugin_medium_18,exp(23:43:10)_fase3_medium_iter2,leo,2,0,0,1,0,0,0,1,3
without-plugin,medium,18,without-plugin_medium_18,exp(23:43:10)_fase3_medium_iter2,nitro5,0,0,0,0,0,0,0,0,7
without-plugin,medium,18,without-plugin_medium_18,exp(23:43:10)_fase3_medium_iter2,scorpius,2,0,0,0,1,0,1,0,2
