group,intensity,exp_index,exp_id,exp_folder,total_energy_J,successful_tx,failed_tx,dropped_tx,avg_response_time,energy_per_tx,tx_per_joule,nodes_used
with-plugin,low,1,with-plugin_low_1,exp(02:19:47)_fase3_low_iter1,1578.6699999999998,1074,31,4835,7.232417,1.469897579143389,0.6803195094604952,3
with-plugin,low,2,with-plugin_low_2,exp(02:26:20)_fase3_low_iter2,843.79,315,355,5270,5.301451,2.6786984126984126,0.37331563540691404,3
with-plugin,low,3,with-plugin_low_3,exp(02:32:56)_fase3_low_iter3,759.9300000000001,293,340,5307,1.018297,2.5936177474402733,0.38556182806311107,3
with-plugin,low,4,with-plugin_low_4,exp(02:40:08)_fase3_low_iter4,1171.95,292,384,5264,7.850233,4.013527397260274,0.24915738726054865,3
with-plugin,low,5,with-plugin_low_5,exp(02:46:49)_fase3_low_iter5,677.6700000000001,267,366,5307,3.745075,2.53808988764045,0.3939970782239143,3
with-plugin,low,6,with-plugin_low_6,exp(02:53:36)_fase3_low_iter6,1124.05,309,238,5393,6.77854,3.6377022653721682,0.27489880343401096,3
with-plugin,low,7,with-plugin_low_7,exp(03:00:08)_fase3_low_iter7,673.58,250,456,5234,0.4787,2.6943200000000003,0.3711511624454408,3
with-plugin,low,8,with-plugin_low_8,exp(03:06:30)_fase3_low_iter8,818.0600000000001,261,434,5245,4.930682,3.134329501915709,0.31904750262816906,3
with-plugin,low,9,with-plugin_low_9,exp(03:13:02)_fase3_low_iter9,651.0,266,339,5335,0.269624,2.4473684210526314,0.40860215053763443,3
with-plugin,low,10,with-plugin_low_10,exp(03:19:30)_fase3_low_iter10,1155.9499999999998,316,272,5352,6.165082,3.658069620253164,0.2733682252692591,3
with-plugin,low,11,with-plugin_low_11,exp(03:26:26)_fase3_low_iter11,710.89,333,245,5362,1.837339,2.134804804804805,0.46842690148968197,3
with-plugin,low,12,with-plugin_low_12,exp(03:32:37)_fase3_low_iter12,769.08,234,448,5258,7.83912,3.2866666666666666,0.3042596348884381,3
with-plugin,low,13,with-plugin_low_13,exp(03:39:11)_fase3_low_iter13,663.27,251,417,5272,0.868606,2.6425099601593627,0.3784280911242782,3
with-plugin,low,14,with-plugin_low_14,exp(03:45:34)_fase3_low_iter14,858.76,308,302,5330,8.930675,2.788181818181818,0.3586566677535051,3
with-plugin,low,15,with-plugin_low_15,exp(03:52:20)_fase3_low_iter15,881.3900000000001,438,160,5342,4.303783,2.0123059360730595,0.49694232972917773,3
with-plugin,low,16,with-plugin_low_16,exp(03:58:57)_fase3_low_iter16,739.04,380,129,5431,4.457697,1.9448421052631577,0.5141805585624595,3
with-plugin,low,17,with-plugin_low_17,exp(04:05:37)_fase3_low_iter17,611.95,227,452,5261,1.135445,2.6958149779735683,0.37094533867146007,3
with-plugin,low,18,with-plugin_low_18,exp(04:12:57)_fase3_low_iter18,790.28,333,243,5364,3.92467,2.373213213213213,0.4213696411398492,3
with-plugin,low,19,with-plugin_low_19,exp(04:19:59)_fase3_low_iter19,657.7400000000001,363,190,5387,0.571501,1.8119559228650142,0.5518898044820141,3
with-plugin,low,20,with-plugin_low_20,exp(04:26:36)_fase3_low_iter20,727.59,306,288,5346,5.323637,2.377745098039216,0.4205665278522244,3
with-plugin,medium,1,with-plugin_medium_1,exp(04:33:06)_fase3_medium_iter1,664.77,542,774,65084,5.448046,1.2265129151291512,0.8153195842170977,3
with-plugin,medium,2,with-plugin_medium_2,exp(04:39:43)_fase3_medium_iter2,625.1700000000001,527,782,65091,6.956841,1.1862808349146112,0.8429707119663451,3
with-plugin,medium,3,with-plugin_medium_3,exp(04:46:28)_fase3_medium_iter3,647.48,573,700,65127,3.524805,1.1299825479930192,0.8849694199048619,3
with-plugin,medium,4,with-plugin_medium_4,exp(04:53:13)_fase3_medium_iter4,883.5100000000002,561,645,65194,6.856155,1.574884135472371,0.6349673461534107,3
with-plugin,medium,5,with-plugin_medium_5,exp(04:59:46)_fase3_medium_iter5,682.8599999999999,616,615,65169,3.528375,1.1085389610389609,0.902088275781273,3
with-plugin,medium,6,with-plugin_medium_6,exp(05:06:22)_fase3_medium_iter6,676.04,611,557,65232,6.270028,1.1064484451718493,0.9037926749896457,3
with-plugin,medium,7,with-plugin_medium_7,exp(05:12:30)_fase3_medium_iter7,597.46,554,689,65157,4.667146,1.078447653429603,0.9272587286178153,3
with-plugin,medium,8,with-plugin_medium_8,exp(05:19:09)_fase3_medium_iter8,777.8499999999999,604,567,65229,6.776978,1.2878311258278143,0.7764993250626728,3
with-plugin,medium,9,with-plugin_medium_9,exp(05:31:15)_fase3_medium_iter9,381.84000000000003,330,288,5346,5.017409,1.1570909090909092,0.8642363293526083,3
without-plugin,high,1,without-plugin_high_1,exp(05:24:30)_fase3_high_iter1,1438.56,5464,64,181832,0.61233,0.2632796486090776,3.798242687131576,3
without-plugin,high,2,without-plugin_high_2,exp(05:32:12)_fase3_high_iter2,1013.6300000000001,5290,84,181986,0.751166,0.1916124763705104,5.218866844903959,3
without-plugin,high,3,without-plugin_high_3,exp(05:38:35)_fase3_high_iter3,1396.4,5456,14,181890,0.75503,0.25593841642228743,3.9071899169292466,3
without-plugin,high,4,without-plugin_high_4,exp(08:21:36)_fase3_high_iter1,612.76,1218,1177,184965,5.915582,0.5030870279146141,1.987727658463346,3
without-plugin,high,5,without-plugin_high_5,exp(08:37:20)_fase3_high_iter3,690.1899999999999,1041,1389,184914,7.193139,0.6630067243035542,1.508280328605167,3
without-plugin,high,6,without-plugin_high_6,exp(21:41:23)_fase3_high_iter1,681.4000000000001,417,130,120413,5.399715,1.6340527577937651,0.6119753448781918,3
without-plugin,high,7,without-plugin_high_7,exp(21:47:43)_fase3_high_iter2,1740.4600000000003,796,447,119717,9.269328,2.1865075376884424,0.4573503556531031,3
without-plugin,high,8,without-plugin_high_8,exp(21:58:26)_fase3_high_iter3,1222.3400000000001,340,284,120336,3.657371,3.595117647058824,0.27815501415318156,3
without-plugin,high,9,without-plugin_high_9,exp(22:06:21)_fase3_high_iter4,2319.8300000000004,1233,251,119476,5.461549,1.8814517437145177,0.5315044636891495,3
without-plugin,high,10,without-plugin_high_10,exp(22:14:20)_fase3_high_iter5,1388.28,445,420,120063,5.373137,3.1197303370786518,0.32054052496614516,3
without-plugin,high,11,without-plugin_high_11,exp(22:20:55)_fase3_high_iter6,895.1899999999999,252,427,120281,5.458841,3.5523412698412695,0.2815044850813794,3
without-plugin,high,12,without-plugin_high_12,exp(22:29:57)_fase3_high_iter7,785.8,321,847,119792,3.529386,2.44797507788162,0.40850089081191143,3
without-plugin,high,13,without-plugin_high_13,exp(22:56:08)_fase3_high_iter8,1171.35,400,118,120442,6.488192,2.928375,0.3414863192043369,3
without-plugin,high,14,without-plugin_high_14,exp(23:07:07)_fase3_high_iter1,843.3400000000001,4677,830,181835,0.542948,0.18031644216378023,5.545805962008204,3
without-plugin,high,15,without-plugin_high_15,exp(23:07:40)_fase3_high_iter9,924.22,437,184,120339,3.650815,2.114919908466819,0.47283114409988963,3
without-plugin,low,1,without-plugin_low_1,exp(01:26:36)_fase3_low_iter1,792.97,236,458,5246,4.725,3.360042372881356,0.29761529439953593,3
without-plugin,low,2,without-plugin_low_2,exp(01:33:05)_fase3_low_iter2,696.2,304,248,5388,2.549839,2.2901315789473684,0.4366561332950301,3
without-plugin,low,3,without-plugin_low_3,exp(01:57:40)_fase3_low_iter3,1113.23,258,1073,4609,3.677182,4.31484496124031,0.23175803742263504,3
without-plugin,low,4,without-plugin_low_4,exp(04:42:15)_fase3_low_iter1,1383.26,1584,73,4283,0.483797,0.873270202020202,1.1451209461706404,3
without-plugin,low,5,without-plugin_low_5,exp(04:49:08)_fase3_low_iter2,977.0999999999999,1543,22,4375,0.313364,0.633246921581335,1.5791628287790402,3
without-plugin,low,6,without-plugin_low_6,exp(04:55:44)_fase3_low_iter3,1790.1799999999998,1665,1,4274,0.246798,1.075183183183183,0.9300740707638339,3
without-plugin,low,7,without-plugin_low_7,exp(06:04:53)_fase3_low_iter4,1175.46,333,266,5341,1.599174,3.52990990990991,0.28329334898677966,3
without-plugin,low,8,without-plugin_low_8,exp(06:12:48)_fase3_low_iter5,958.86,446,7,5487,2.388926,2.149910313901345,0.4651356819556557,3
without-plugin,low,9,without-plugin_low_9,exp(07:03:35)_fase3_low_iter9,683.29,322,204,5414,6.351866,2.1220186335403723,0.47124939630318025,3
without-plugin,low,10,without-plugin_low_10,exp(21:20:45)_fase3_low_iter1,1019.61,224,976,4740,6.463737,4.551830357142857,0.21969184295956296,3
without-plugin,low,11,without-plugin_low_11,exp(21:29:09)_fase3_low_iter2,1020.38,250,614,5076,2.873616,4.08152,0.24500676218663636,3
without-plugin,low,12,without-plugin_low_12,exp(21:36:16)_fase3_low_iter3,1016.8999999999999,255,499,5186,4.665353,3.9878431372549015,0.25076212016914157,3
without-plugin,low,13,without-plugin_low_13,exp(21:47:29)_fase3_low_iter4,588.56,324,483,5133,1.716201,1.816543209876543,0.5504961261383716,3
without-plugin,low,14,without-plugin_low_14,exp(21:54:49)_fase3_low_iter5,1186.3700000000001,298,465,5177,2.79956,3.981107382550336,0.25118639210364385,3
without-plugin,low,15,without-plugin_low_15,exp(22:02:44)_fase3_low_iter6,1182.31,296,265,5379,6.119277,3.9942905405405402,0.2503573512868875,3
without-plugin,low,16,without-plugin_low_16,exp(22:11:14)_fase3_low_iter7,617.41,264,356,5320,2.373977,2.338674242424242,0.4275926855736059,3
without-plugin,low,17,without-plugin_low_17,exp(22:36:32)_fase3_low_iter8,303.66999999999996,333,537,5070,0.755084,0.9119219219219218,1.096585108835249,3
without-plugin,low,18,without-plugin_low_18,exp(22:54:05)_fase3_low_iter1,1093.45,1409,394,4137,0.721332,0.7760468417317247,1.2885820110658923,3
without-plugin,low,19,without-plugin_low_19,exp(23:14:18)_fase3_low_iter1,1309.8000000000002,4879,496,181967,0.34944,0.2684566509530642,3.724996182623301,3
without-plugin,low,20,without-plugin_low_20,exp(23:22:39)_fase3_low_iter2,935.0699999999999,4817,451,182074,0.354684,0.1941187461075358,5.15148598500647,3
without-plugin,low,21,without-plugin_low_21,exp(23:28:58)_fase3_low_iter3,536.67,4815,453,182074,0.354451,0.11145794392523363,8.971993962770417,3
without-plugin,medium,1,without-plugin_medium_1,exp(05:04:02)_fase3_medium_iter1,1031.48,3334,72,62994,0.180145,0.30938212357528494,3.2322488075386824,3
without-plugin,medium,2,without-plugin_medium_2,exp(05:10:17)_fase3_medium_iter2,664.03,3325,43,63032,0.201678,0.19970827067669172,5.007303886872581,3
without-plugin,medium,3,without-plugin_medium_3,exp(05:18:13)_fase3_medium_iter3,1762.6200000000001,3572,11,62817,0.536316,0.493454647256439,2.026528690245203,3
without-plugin,medium,4,without-plugin_medium_4,exp(06:20:25)_fase3_medium_iter1,1096.16,696,1883,63821,3.37598,1.5749425287356322,0.6349438038242592,3
without-plugin,medium,5,without-plugin_medium_5,exp(06:28:20)_fase3_medium_iter2,1783.11,1172,554,64674,6.714678,1.521424914675768,0.6572785750738878,3
without-plugin,medium,6,without-plugin_medium_6,exp(06:35:32)_fase3_medium_iter3,991.4200000000001,1049,482,64869,7.36029,0.9451096282173499,1.0580783119162414,3
without-plugin,medium,7,without-plugin_medium_7,exp(07:13:58)_fase3_medium_iter1,721.0299999999999,639,421,65340,6.229845,1.1283724569640061,0.8862321956090594,3
without-plugin,medium,8,without-plugin_medium_8,exp(07:22:01)_fase3_medium_iter2,1584.71,891,903,64606,7.639286,1.7785746352413019,0.5622479822806696,3
without-plugin,medium,9,without-plugin_medium_9,exp(07:28:48)_fase3_medium_iter3,780.7199999999999,677,934,64789,4.197892,1.1532053175775479,0.867148273388667,3
without-plugin,medium,10,without-plugin_medium_10,exp(07:36:27)_fase3_medium_iter4,1157.6399999999999,673,502,65225,5.00648,1.720118870728083,0.5813551708648631,3
without-plugin,medium,11,without-plugin_medium_11,exp(07:42:50)_fase3_medium_iter5,1471.77,850,318,65232,8.583762,1.7314941176470589,0.5775358921570626,3
without-plugin,medium,12,without-plugin_medium_12,exp(07:51:18)_fase3_medium_iter6,844.11,636,470,65294,6.424608,1.3272169811320755,0.75345630308846,3
without-plugin,medium,13,without-plugin_medium_13,exp(07:57:40)_fase3_medium_iter7,1470.2599999999998,883,298,65219,8.5226,1.6650736126840315,0.6005740481275421,3
without-plugin,medium,14,without-plugin_medium_14,exp(08:05:26)_fase3_medium_iter8,679.5699999999999,629,506,65265,6.596776,1.080397456279809,0.9255852965846051,3
without-plugin,medium,15,without-plugin_medium_15,exp(08:13:08)_fase3_medium_iter9,1525.17,846,979,64575,6.95072,1.8028014184397163,0.5546922638132142,3
without-plugin,medium,16,without-plugin_medium_16,exp(23:00:51)_fase3_medium_iter1,552.95,3007,676,62699,0.408318,0.1838875956102428,5.438104711095035,3
without-plugin,medium,17,without-plugin_medium_17,exp(23:36:51)_fase3_medium_iter1,877.62,4792,472,182096,0.544556,0.18314273789649416,5.46022196394795,3
without-plugin,medium,18,without-plugin_medium_18,exp(23:43:10)_fase3_medium_iter2,1722.73,5115,199,182046,0.48383,0.33679960899315736,2.969124587137857,3
