Target Time,Load Intensity,Successful Transactions,Failed Transactions,Dropped Transactions,Avg Response Time,Final Batch Dispatch Time,19.02.2026;04:39:15481
0.5,0.0,0,0,0,0.0,0.0
1.5,1.0,0,0,0,0.0,1.52
2.5,2.0,0,0,0,0.0,2.133
3.5,2.0,0,0,0,0.0,2.878
4.5,3.0,8,0,0,0.68,4.452
5.5,4.0,4,0,0,0.247,5.416
6.5,5.0,4,0,0,0.178,6.46
7.5,6.0,7,0,0,0.154,7.473
8.5,7.0,7,0,0,0.126,8.478
9.5,7.0,7,0,0,0.121,9.479
10.5,8.0,6,0,0,0.141,10.299
11.5,9.0,11,0,0,0.118,11.447
12.5,10.0,10,0,0,0.096,12.457
13.5,11.0,8,0,0,0.135,13.365
14.5,12.0,13,0,0,0.085,14.41
15.5,12.0,11,0,0,0.118,15.421
16.5,13.0,16,0,0,0.048,16.457
17.5,14.0,12,0,0,0.047,17.485
18.5,15.0,4,0,0,0.128,18.47
19.5,16.0,26,0,0,0.579,19.444
20.5,17.0,19,0,0,0.084,20.481
21.5,17.0,17,0,0,0.034,21.427
22.5,18.0,18,0,0,0.038,22.41
23.5,19.0,18,0,0,0.046,23.406
24.5,20.0,21,0,0,0.052,24.439
25.5,21.0,9,0,0,0.049,25.409
26.5,22.0,7,0,0,0.637,26.449
27.5,22.0,0,0,0,0.0,27.463
28.5,23.0,0,0,0,0.0,28.473
29.5,24.0,7,0,0,2.124,29.481
30.5,25.0,32,0,0,3.013,30.514
31.5,26.0,28,0,0,3.766,31.454
32.5,27.0,12,0,0,4.446,32.443
33.5,27.0,8,0,0,4.919,33.449
34.5,28.0,5,0,0,5.056,34.435
35.5,29.0,5,0,0,5.398,35.488
36.5,30.0,0,0,0,0.0,36.461
37.5,31.0,0,0,0,0.0,37.458
38.5,32.0,5,0,0,8.297,38.486
39.5,32.0,1,0,0,9.075,39.472
40.5,33.0,18,0,0,0.554,40.456
41.5,34.0,27,10,0,0.0,41.482
42.5,35.0,18,0,0,0.0,42.477
43.5,36.0,20,26,0,0.0,43.49
44.5,37.0,0,0,0,0.0,44.496
45.5,37.0,3,0,0,0.0,45.474
46.5,38.0,0,3,0,0.0,46.496
47.5,39.0,0,3,0,0.0,47.507
48.5,40.0,2,3,0,0.0,48.458
49.5,41.0,4,1,15,7.236,49.472
50.5,42.0,15,0,19,7.225,50.492
51.5,42.0,15,21,3,0.0,51.484
52.5,43.0,17,3,9,0.0,52.49
53.5,44.0,35,3,4,0.0,53.468
54.5,45.0,0,0,0,0.0,54.476
55.5,46.0,5,0,65,2.129,55.477
56.5,47.0,4,0,34,1.377,56.509
57.5,47.0,3,0,12,0.0,57.475
58.5,48.0,5,0,32,0.0,58.468
59.5,49.0,5,0,60,0.0,59.494
60.5,50.0,12,0,32,0.0,60.483
61.5,51.0,36,0,5,0.0,61.492
62.5,52.0,20,0,22,0.0,62.442
63.5,52.0,38,0,9,0.0,63.465
64.5,53.0,0,0,0,0.0,64.501
65.5,54.0,3,0,60,0.0,65.438
66.5,55.0,6,0,68,0.0,66.48
67.5,56.0,3,0,15,0.0,67.411
68.5,57.0,5,0,42,0.0,68.52
69.5,57.0,5,0,73,0.0,69.5
70.5,58.0,12,0,39,0.0,70.485
71.5,59.0,34,0,17,0.0,71.417
72.5,60.0,22,0,30,0.0,72.481
73.5,61.0,38,0,19,0.0,73.47
74.5,62.0,0,0,0,0.0,74.434
75.5,62.0,3,0,71,0.0,75.418
76.5,63.0,6,0,78,0.0,76.464
77.5,64.0,3,0,23,0.0,77.492
78.5,65.0,5,0,48,0.0,78.526
79.5,66.0,5,0,85,0.0,79.465
80.5,67.0,11,0,34,0.0,80.439
81.5,67.0,37,0,40,0.0,81.479
82.5,68.0,20,0,36,0.0,82.509
83.5,69.0,37,0,27,0.0,83.438
84.5,70.0,1,0,0,0.0,84.471
85.5,71.0,5,0,122,0.0,85.489
86.5,72.0,4,0,52,0.0,86.51
87.5,72.0,3,0,29,0.0,87.459
88.5,73.0,5,0,53,0.0,88.49
89.5,74.0,5,0,99,0.0,89.494
90.5,75.0,12,0,61,0.0,90.468
91.5,76.0,36,0,25,0.0,91.447
92.5,77.0,20,0,48,0.0,92.45
93.5,77.0,37,0,23,0.0,93.422
94.5,78.0,1,0,11,0.0,94.472
95.5,79.0,3,0,97,0.0,95.414
96.5,80.0,6,0,105,1.664,96.499
97.5,81.0,3,0,33,0.0,97.462
98.5,82.0,5,0,58,0.0,98.464
99.5,82.0,3,0,113,0.0,99.425
100.5,83.0,14,0,63,0.0,100.515
101.5,84.0,37,0,49,0.0,101.51
102.5,85.0,19,0,49,0.0,102.485
103.5,86.0,38,0,42,0.0,103.47
104.5,87.0,0,0,0,0.0,104.476
105.5,87.0,5,0,165,0.0,105.51
106.5,88.0,4,0,61,0.0,106.477
107.5,89.0,3,0,29,0.0,107.521
108.5,90.0,5,0,73,0.0,108.454
109.5,91.0,4,0,136,0.0,109.434
110.5,92.0,13,0,64,0.0,110.469
111.5,92.0,36,0,47,0.0,111.467
112.5,93.0,19,0,67,0.0,112.425
113.5,94.0,39,0,47,0.0,113.475
114.5,95.0,0,0,0,0.0,114.406
115.5,96.0,5,0,170,0.0,115.515
116.5,97.0,4,0,84,0.0,116.495
117.5,97.0,3,0,48,0.0,117.545
118.5,98.0,5,0,68,0.0,118.408
119.5,99.0,5,0,144,0.0,119.505
120.5,0.0,11,0,68,0.0,120.5
121.5,0.0,37,0,63,0.0,121.5
122.5,0.0,20,0,78,0.0,122.5
123.5,0.0,38,0,52,0.0,123.5
124.5,0.0,0,0,0,0.0,124.5
125.5,0.0,5,0,187,0.0,125.5
126.5,0.0,4,0,93,0.0,126.5
127.5,0.0,3,0,43,0.0,127.5
128.5,0.0,5,0,85,0.0,128.5
129.5,0.0,5,0,153,0.0,129.5
130.5,0.0,12,0,0,0.0,130.5
131.5,0.0,36,0,0,0.0,131.5
132.5,0.0,20,0,0,0.0,132.5
133.5,0.0,38,0,0,0.0,133.5
134.5,0.0,0,0,0,0.0,134.5
135.5,0.0,5,0,0,5.897,135.5
136.5,0.0,4,0,0,4.86,136.5
137.5,0.0,11,0,0,8.055,137.5
